{
    "Canada":{
        "avg_list":[0.07300014471780028, 0.03875461728865194,0.16230430740625967],
        "avg":0.09135302313757064
    },
    "Australia":{
        "avg_list":[0.08072028617277349,0.01435338512763596,0.02225038781959207],
        "avg":0.03910801970666717
    },
    "Colombia":{
        "avg_list":[0.013253443113772453,-0.03711714965076535,0.022968270332187856],
        "avg":-0.0002984787349350135
    },
    "India":{
        "avg_list":[0.1029815817130846,-0.08769386028348278 ,0.14504168358870223],
        "avg":0.05344313500610135
    },
    "Nigeria":{
        
        "avg_list":[ 0.1578142570079373,0.11893089430894309 ,0.08338771661569827],
        "avg":0.12004428931085954
    },
    "Serbia":{
        "avg_list":[ 0.09215770949720671,0.07707265711135612,0.13345881728045325],
        "avg":0.10089639462967204
    },
    "South Africa":{
        "avg_list":[0.10711237914090982,0.049666825396825404,0.053991226968174204],
        "avg":0.07025681050196982
    },
    "Thailand":{
        
        "avg_list":[0.041005739263641636,0.1280468686868687 ,0.014616188708951866],
        "avg":0.061222932219820746
    },
    "United Kingdom":{
        "avg_list":[ 0.18099606070858912,-0.03951308909259665,0.08418072484966682],
        "avg":0.07522123215521977}
        ,
    "United States":{
        "avg_list":[0.06714791694574682, -0.00044637226017418764, 0.11002895917064191],
        "avg":0.05891016795207151}

}